id,url,price,address,property_type,bedrooms,bathrooms,snippet,epc_rating,furnishing,image_url,time_in_market,agent_url,search_date
161673191,/properties/161673191#/?channel=RES_LET,800,"Sterling Way, Edmonton",Flat Share,,,"","","",,Reduced on 27/05/2025,/estate-agents/agent/Ariston-Property/London-21035.html,2025-06-23T01:58:24.238235
,,800,"Sterling Way, Edmonton",Flat Share,,,"","","",,Reduced on 27/05/2025,/estate-agents/agent/Ariston-Property/London-21035.html,2025-06-23T01:58:24.238235
163638212,/properties/163638212#/?channel=RES_LET,700,"Warwick Way, Dartford, DA1",Studio,,,"","","",,Reduced yesterday,/estate-agents/agent/OpenRent/London-96668.html,2025-06-23T01:58:24.238235
163638212,/properties/163638212#/?channel=RES_LET,700,"Warwick Way, Dartford, DA1",Studio,,,"","","",,Reduced yesterday,/estate-agents/agent/OpenRent/London-96668.html,2025-06-23T01:58:24.238235
161355800,/properties/161355800#/?channel=RES_LET,750,"Grand Avenue, Wembley, Middlesex, HA9",Flat Share,1,,"","","",,Reduced on 21/06/2025,/estate-agents/agent/Home-World-Management/West-London-281402.html,2025-06-23T01:58:24.238235
161355800,/properties/161355800#/?channel=RES_LET,750,"Grand Avenue, Wembley, Middlesex, HA9",Flat Share,1,,"","","",,Reduced on 21/06/2025,/estate-agents/agent/Home-World-Management/West-London-281402.html,2025-06-23T01:58:24.238235
159660755,/properties/159660755#/?channel=RES_LET,800,"Tildesley Road, London, SW15",Flat Share,1,,"","","",,Reduced on 21/06/2025,/estate-agents/agent/Home-World-Management/West-London-281402.html,2025-06-23T01:58:24.238235
159660755,/properties/159660755#/?channel=RES_LET,800,"Tildesley Road, London, SW15",Flat Share,1,,"","","",,Reduced on 21/06/2025,/estate-agents/agent/Home-World-Management/West-London-281402.html,2025-06-23T01:58:24.238235
159661694,/properties/159661694#/?channel=RES_LET,800,"Tildesley Road, London, SW15",Flat Share,1,,"","","",,Reduced on 21/06/2025,/estate-agents/agent/Home-World-Management/West-London-281402.html,2025-06-23T01:58:24.238235
159661694,/properties/159661694#/?channel=RES_LET,800,"Tildesley Road, London, SW15",Flat Share,1,,"","","",,Reduced on 21/06/2025,/estate-agents/agent/Home-World-Management/West-London-281402.html,2025-06-23T01:58:24.238235
161574488,/properties/161574488#/?channel=RES_LET,800,"Baythorne Street, London, E3",Flat Share,1,,"","","",,Reduced on 21/06/2025,/estate-agents/agent/Home-World-Management/West-London-281402.html,2025-06-23T01:58:24.238235
161574488,/properties/161574488#/?channel=RES_LET,800,"Baythorne Street, London, E3",Flat Share,1,,"","","",,Reduced on 21/06/2025,/estate-agents/agent/Home-World-Management/West-London-281402.html,2025-06-23T01:58:24.238235
161827370,/properties/161827370#/?channel=RES_LET,800,"Loch Crescent, Edgware, Middlesex, HA8",Flat Share,1,,"","","",,Reduced on 21/06/2025,/estate-agents/agent/Home-World-Management/West-London-281402.html,2025-06-23T01:58:24.238235
161827370,/properties/161827370#/?channel=RES_LET,800,"Loch Crescent, Edgware, Middlesex, HA8",Flat Share,1,,"","","",,Reduced on 21/06/2025,/estate-agents/agent/Home-World-Management/West-London-281402.html,2025-06-23T01:58:24.238235
163619102,/properties/163619102#/?channel=RES_LET,800,"Neptune Walk, Erith, Kent, DA8",Flat,1,,"","","",,Added on 20/06/2025,/estate-agents/agent/Robinson-Jackson/Barnehurst-59433.html,2025-06-23T01:58:24.238235
163619102,/properties/163619102#/?channel=RES_LET,800,"Neptune Walk, Erith, Kent, DA8",Flat,1,,"","","",,Added on 20/06/2025,/estate-agents/agent/Robinson-Jackson/Barnehurst-59433.html,2025-06-23T01:58:24.238235
162743054,/properties/162743054#/?channel=RES_LET,750,"Brent Street, London, NW4",Studio,,,"","","",,Reduced on 20/06/2025,/estate-agents/agent/More-Homes-Group/East-London-289757.html,2025-06-23T01:58:24.238235
162743054,/properties/162743054#/?channel=RES_LET,750,"Brent Street, London, NW4",Studio,,,"","","",,Reduced on 20/06/2025,/estate-agents/agent/More-Homes-Group/East-London-289757.html,2025-06-23T01:58:24.238235
163597613,/properties/163597613#/?channel=RES_LET,750,"Flat D, 125  Woolwich Road",Apartment,,,"","","",,Added on 20/06/2025,/estate-agents/agent/Kilmers/Western-Gateway-93535.html,2025-06-23T01:58:24.238235
163597613,/properties/163597613#/?channel=RES_LET,750,"Flat D, 125  Woolwich Road",Apartment,,,"","","",,Added on 20/06/2025,/estate-agents/agent/Kilmers/Western-Gateway-93535.html,2025-06-23T01:58:24.238235
161065238,/properties/161065238#/?channel=RES_LET,800,"Clark Way, Heston, Hounslow",Studio,,,"","","",,Reduced on 20/06/2025,/estate-agents/agent/Move-Inn-Estates-Iver/Heston-113317.html,2025-06-23T01:58:24.238235
161065238,/properties/161065238#/?channel=RES_LET,800,"Clark Way, Heston, Hounslow",Studio,,,"","","",,Reduced on 20/06/2025,/estate-agents/agent/Move-Inn-Estates-Iver/Heston-113317.html,2025-06-23T01:58:24.238235
161324123,/properties/161324123#/?channel=RES_LET,800,"Adelaide Road, W13",Flat Share,1,,"","","",,Reduced on 20/06/2025,/estate-agents/agent/Rentd/London-230333.html,2025-06-23T01:58:24.238235
161324123,/properties/161324123#/?channel=RES_LET,800,"Adelaide Road, W13",Flat Share,1,,"","","",,Reduced on 20/06/2025,/estate-agents/agent/Rentd/London-230333.html,2025-06-23T01:58:24.238235
163554581,/properties/163554581#/?channel=RES_LET,750,"Wapping High Street, Wapping, E1W",Flat Share,1,,"","","",,Reduced on 19/06/2025,/estate-agents/agent/OpenRent/London-96668.html,2025-06-23T01:58:24.238235
163554581,/properties/163554581#/?channel=RES_LET,750,"Wapping High Street, Wapping, E1W",Flat Share,1,,"","","",,Reduced on 19/06/2025,/estate-agents/agent/OpenRent/London-96668.html,2025-06-23T01:58:24.238235
133374047,/properties/133374047#/?channel=RES_LET,600,"Mill Bridge, Dollis Valley Way, Barnet, North London, EN5",Flat,1,,"","","",,Added on 19/06/2025,/estate-agents/agent/Ad-Hoc-Property-Management-Ltd/London-103628.html,2025-06-23T01:58:24.238235
133374047,/properties/133374047#/?channel=RES_LET,600,"Mill Bridge, Dollis Valley Way, Barnet, North London, EN5",Flat,1,,"","","",,Added on 19/06/2025,/estate-agents/agent/Ad-Hoc-Property-Management-Ltd/London-103628.html,2025-06-23T01:58:24.238235
163536533,/properties/163536533#/?channel=RES_LET,799,"White City Estate, London, W12",Flat Share,1,,"","","",,Added on 19/06/2025,/estate-agents/agent/Oaklands-Estates/London-98294.html,2025-06-23T01:58:24.238235
163536533,/properties/163536533#/?channel=RES_LET,799,"White City Estate, London, W12",Flat Share,1,,"","","",,Added on 19/06/2025,/estate-agents/agent/Oaklands-Estates/London-98294.html,2025-06-23T01:58:24.238235
161965880,/properties/161965880#/?channel=RES_LET,800,"Chiswick Terrace, London",Flat,,,"","","",,Reduced on 19/06/2025,/estate-agents/agent/Sargeants/Ealing---Lettings-188345.html,2025-06-23T01:58:24.238235
161965880,/properties/161965880#/?channel=RES_LET,800,"Chiswick Terrace, London",Flat,,,"","","",,Reduced on 19/06/2025,/estate-agents/agent/Sargeants/Ealing---Lettings-188345.html,2025-06-23T01:58:24.238235
162903605,/properties/162903605#/?channel=RES_LET,725,"Rannock Avenue, London, NW9",Studio,,,"","","",,Reduced on 19/06/2025,/estate-agents/agent/Keller-Williams-Oxygen/Maidenhead-243590.html,2025-06-23T01:58:24.238235
162903605,/properties/162903605#/?channel=RES_LET,725,"Rannock Avenue, London, NW9",Studio,,,"","","",,Reduced on 19/06/2025,/estate-agents/agent/Keller-Williams-Oxygen/Maidenhead-243590.html,2025-06-23T01:58:24.238235
163510070,/properties/163510070#/?channel=RES_LET,750,Cranhurst Road,Flat,1,,"","","",,Added on 19/06/2025,/estate-agents/agent/StudentTenant/Canterbury-249920.html,2025-06-23T01:58:24.238235
163510070,/properties/163510070#/?channel=RES_LET,750,Cranhurst Road,Flat,1,,"","","",,Added on 19/06/2025,/estate-agents/agent/StudentTenant/Canterbury-249920.html,2025-06-23T01:58:24.238235
163510064,/properties/163510064#/?channel=RES_LET,650,Cranhurst Road,Flat,1,,"","","",,Added on 19/06/2025,/estate-agents/agent/StudentTenant/Canterbury-249920.html,2025-06-23T01:58:24.238235
163510064,/properties/163510064#/?channel=RES_LET,650,Cranhurst Road,Flat,1,,"","","",,Added on 19/06/2025,/estate-agents/agent/StudentTenant/Canterbury-249920.html,2025-06-23T01:58:24.238235
163510001,/properties/163510001#/?channel=RES_LET,720,Anson Road,Flat,1,,"","","",,Reduced on 19/06/2025,/estate-agents/agent/StudentTenant/Canterbury-249920.html,2025-06-23T01:58:24.238235
163510001,/properties/163510001#/?channel=RES_LET,720,Anson Road,Flat,1,,"","","",,Reduced on 19/06/2025,/estate-agents/agent/StudentTenant/Canterbury-249920.html,2025-06-23T01:58:24.238235
163483880,/properties/163483880#/?channel=RES_LET,733,Lovelace Road,Flat,3,,"","","",,Added on 18/06/2025,/estate-agents/agent/StudentTenant/Canterbury-249920.html,2025-06-23T01:58:24.238235
163483880,/properties/163483880#/?channel=RES_LET,733,Lovelace Road,Flat,3,,"","","",,Added on 18/06/2025,/estate-agents/agent/StudentTenant/Canterbury-249920.html,2025-06-23T01:58:24.238235
163482056,/properties/163482056#/?channel=RES_LET,800,"Colliers Water Lane, CR7",Retirement Property,1,,"","","",,Added on 18/06/2025,/estate-agents/agent/AD1-Properties/London-286295.html,2025-06-23T01:58:24.238235
163482056,/properties/163482056#/?channel=RES_LET,800,"Colliers Water Lane, CR7",Retirement Property,1,,"","","",,Added on 18/06/2025,/estate-agents/agent/AD1-Properties/London-286295.html,2025-06-23T01:58:24.238235
163481501,/properties/163481501#/?channel=RES_LET,725,"London Road, Croydon CR0 2TF",Flat Share,1,,"","","",,Reduced on 18/06/2025,/estate-agents/agent/Greens/London---Lettings-117481.html,2025-06-23T01:58:24.238235
163481501,/properties/163481501#/?channel=RES_LET,725,"London Road, Croydon CR0 2TF",Flat Share,1,,"","","",,Reduced on 18/06/2025,/estate-agents/agent/Greens/London---Lettings-117481.html,2025-06-23T01:58:24.238235
163472396,/properties/163472396#/?channel=RES_LET,750,"All Bills & Wifi Included Double Room - Homerton, E9",Flat Share,4,,"","","",,Added on 18/06/2025,/estate-agents/agent/Maxwells-Estates/Islington-88079.html,2025-06-23T01:58:24.238235
163472396,/properties/163472396#/?channel=RES_LET,750,"All Bills & Wifi Included Double Room - Homerton, E9",Flat Share,4,,"","","",,Added on 18/06/2025,/estate-agents/agent/Maxwells-Estates/Islington-88079.html,2025-06-23T01:58:24.238235
163472927,/properties/163472927#/?channel=RES_LET,800,"Regina Road, Southall, Middlesex, UB2",Flat Share,1,,"","","",,Added on 18/06/2025,/estate-agents/agent/Wynn-Estates/Hounslow-224318.html,2025-06-23T01:58:24.238235
163472927,/properties/163472927#/?channel=RES_LET,800,"Regina Road, Southall, Middlesex, UB2",Flat Share,1,,"","","",,Added on 18/06/2025,/estate-agents/agent/Wynn-Estates/Hounslow-224318.html,2025-06-23T01:58:24.238235
161915009,/properties/161915009#/?channel=RES_LET,750,Oak Hill Grove,Flat,5,,"","","",,Added on 14/05/2025,/estate-agents/agent/StudentTenant/Canterbury-249920.html,2025-06-23T01:58:24.238235
,,750,Oak Hill Grove,Flat,5,,"","","",,Added on 14/05/2025,/estate-agents/agent/StudentTenant/Canterbury-249920.html,2025-06-23T01:58:24.238235
159860672,/properties/159860672#/?channel=RES_LET,750,"76 Bridge Road, Uxbridge, UB8",Flat Share,1,,"","","",,Reduced on 18/06/2025,/estate-agents/agent/Christopher-Nevill/Uxbridge---Lettings-9211.html,2025-06-23T01:58:24.238235
159860672,/properties/159860672#/?channel=RES_LET,750,"76 Bridge Road, Uxbridge, UB8",Flat Share,1,,"","","",,Reduced on 18/06/2025,/estate-agents/agent/Christopher-Nevill/Uxbridge---Lettings-9211.html,2025-06-23T01:58:24.238235
157910102,/properties/157910102#/?channel=RES_LET,775,"Gunnersbury Avenue, London, W5",Flat Share,1,,"","","",,Reduced on 17/06/2025,/estate-agents/agent/Milegate/London-123322.html,2025-06-23T01:58:24.238235
157910102,/properties/157910102#/?channel=RES_LET,775,"Gunnersbury Avenue, London, W5",Flat Share,1,,"","","",,Reduced on 17/06/2025,/estate-agents/agent/Milegate/London-123322.html,2025-06-23T01:58:24.238235
157622282,/properties/157622282#/?channel=RES_LET,700,"Rigby Mews, Ilford",Flat Share,,,"","","",,Reduced on 17/06/2025,/estate-agents/agent/Net-Lettings/London-43665.html,2025-06-23T01:58:24.238235
157622282,/properties/157622282#/?channel=RES_LET,700,"Rigby Mews, Ilford",Flat Share,,,"","","",,Reduced on 17/06/2025,/estate-agents/agent/Net-Lettings/London-43665.html,2025-06-23T01:58:24.238235
28000868,/properties/28000868#/?channel=RES_LET,750,"High Road,Woodford Green,IG8",Studio,,,"","","",,Reduced on 17/06/2025,/estate-agents/agent/Yellands/South-Woodford-62254.html,2025-06-23T01:58:24.238235
28000868,/properties/28000868#/?channel=RES_LET,750,"High Road,Woodford Green,IG8",Studio,,,"","","",,Reduced on 17/06/2025,/estate-agents/agent/Yellands/South-Woodford-62254.html,2025-06-23T01:58:24.238235
163416680,/properties/163416680#/?channel=RES_LET,700,Cochrane Drive Dartford DA1,Flat Share,1,,"","","",,Added on 17/06/2025,/estate-agents/agent/Wards---Lettings/Dartford-7955.html,2025-06-23T01:58:24.238235
163416680,/properties/163416680#/?channel=RES_LET,700,Cochrane Drive Dartford DA1,Flat Share,1,,"","","",,Added on 17/06/2025,/estate-agents/agent/Wards---Lettings/Dartford-7955.html,2025-06-23T01:58:24.238235
158893049,/properties/158893049#/?channel=RES_LET,750,"St Thomas's Road, Finsbury Park, N4",Flat,1,,"","","",,Reduced on 17/06/2025,/estate-agents/agent/Homelink-Lettings-and-Estates/London-13040.html,2025-06-23T01:58:24.238235
158893049,/properties/158893049#/?channel=RES_LET,750,"St Thomas's Road, Finsbury Park, N4",Flat,1,,"","","",,Reduced on 17/06/2025,/estate-agents/agent/Homelink-Lettings-and-Estates/London-13040.html,2025-06-23T01:58:24.238235
163428515,/properties/163428515#/?channel=RES_LET,800,Anson Road,Flat,1,,"","","",,Added on 17/06/2025,/estate-agents/agent/StudentTenant/Canterbury-249920.html,2025-06-23T01:58:24.238235
163428515,/properties/163428515#/?channel=RES_LET,800,Anson Road,Flat,1,,"","","",,Added on 17/06/2025,/estate-agents/agent/StudentTenant/Canterbury-249920.html,2025-06-23T01:58:24.238235
163404656,/properties/163404656#/?channel=RES_LET,700,Anson Road,Flat,1,,"","","",,Added on 17/06/2025,/estate-agents/agent/StudentTenant/Canterbury-249920.html,2025-06-23T01:58:24.238235
163404656,/properties/163404656#/?channel=RES_LET,700,Anson Road,Flat,1,,"","","",,Added on 17/06/2025,/estate-agents/agent/StudentTenant/Canterbury-249920.html,2025-06-23T01:58:24.238235
163404659,/properties/163404659#/?channel=RES_LET,700,Anson Road,Flat,1,,"","","",,Reduced on 17/06/2025,/estate-agents/agent/StudentTenant/Canterbury-249920.html,2025-06-23T01:58:24.238235
163404659,/properties/163404659#/?channel=RES_LET,700,Anson Road,Flat,1,,"","","",,Reduced on 17/06/2025,/estate-agents/agent/StudentTenant/Canterbury-249920.html,2025-06-23T01:58:24.238235
163404665,/properties/163404665#/?channel=RES_LET,700,Anson Road,Flat,1,,"","","",,Reduced on 17/06/2025,/estate-agents/agent/StudentTenant/Canterbury-249920.html,2025-06-23T01:58:24.238235
163404665,/properties/163404665#/?channel=RES_LET,700,Anson Road,Flat,1,,"","","",,Reduced on 17/06/2025,/estate-agents/agent/StudentTenant/Canterbury-249920.html,2025-06-23T01:58:24.238235
153114548,/properties/153114548#/?channel=RES_LET,700,"High Street, Banstead, Surrey, SM7",Flat Share,1,,"","","",,Reduced on 16/06/2025,/estate-agents/agent/Clarendons/South-East-91274.html,2025-06-23T01:58:24.238235
153114548,/properties/153114548#/?channel=RES_LET,700,"High Street, Banstead, Surrey, SM7",Flat Share,1,,"","","",,Reduced on 16/06/2025,/estate-agents/agent/Clarendons/South-East-91274.html,2025-06-23T01:58:24.238235
163371260,/properties/163371260#/?channel=RES_LET,800,BEDSIT TO RENT,Studio,,,"","","",,Added on 16/06/2025,/estate-agents/agent/Heaven-Estate-Agents/London-225752.html,2025-06-23T01:58:24.238235
163371260,/properties/163371260#/?channel=RES_LET,800,BEDSIT TO RENT,Studio,,,"","","",,Added on 16/06/2025,/estate-agents/agent/Heaven-Estate-Agents/London-225752.html,2025-06-23T01:58:24.238235
163359917,/properties/163359917#/?channel=RES_LET,660,Stoneleigh Broadway,Flat,6,,"","","",,Added on 16/06/2025,/estate-agents/agent/StudentTenant/Canterbury-249920.html,2025-06-23T01:58:24.238235
163359917,/properties/163359917#/?channel=RES_LET,660,Stoneleigh Broadway,Flat,6,,"","","",,Added on 16/06/2025,/estate-agents/agent/StudentTenant/Canterbury-249920.html,2025-06-23T01:58:24.238235
163347986,/properties/163347986#/?channel=RES_LET,650,"Kent, Welling, DA16",Flat Share,1,,"","","",,Reduced on 15/06/2025,/estate-agents/agent/OpenRent/London-96668.html,2025-06-23T01:58:24.238235
163347986,/properties/163347986#/?channel=RES_LET,650,"Kent, Welling, DA16",Flat Share,1,,"","","",,Reduced on 15/06/2025,/estate-agents/agent/OpenRent/London-96668.html,2025-06-23T01:58:24.238235
163504643,/properties/163504643#/?channel=RES_LET,750,"Oval, London, SW8",Flat Share,1,,"","","",,Added on 15/06/2025,/estate-agents/agent/OpenRent/London-96668.html,2025-06-23T01:58:24.238235
163504643,/properties/163504643#/?channel=RES_LET,750,"Oval, London, SW8",Flat Share,1,,"","","",,Added on 15/06/2025,/estate-agents/agent/OpenRent/London-96668.html,2025-06-23T01:58:24.238235
162212504,/properties/162212504#/?channel=RES_LET,745,"Ivy Road, London, NW2",Flat Share,1,,"","","",,Reduced on 13/06/2025,/estate-agents/agent/OpenRent/London-96668.html,2025-06-23T01:58:24.238235
162212504,/properties/162212504#/?channel=RES_LET,745,"Ivy Road, London, NW2",Flat Share,1,,"","","",,Reduced on 13/06/2025,/estate-agents/agent/OpenRent/London-96668.html,2025-06-23T01:58:24.238235
158923637,/properties/158923637#/?channel=RES_LET,750,"Mellish Street, London, E14",Not Specified,5,,"","","",,Reduced on 13/06/2025,/estate-agents/agent/Choices/Central-London-117484.html,2025-06-23T01:58:24.238235
158923637,/properties/158923637#/?channel=RES_LET,750,"Mellish Street, London, E14",Not Specified,5,,"","","",,Reduced on 13/06/2025,/estate-agents/agent/Choices/Central-London-117484.html,2025-06-23T01:58:24.238235
73330880,/properties/73330880#/?channel=RES_LET,725,"High Road, London, N12",Flat Share,4,,"","","",,Added on 13/06/2025,/estate-agents/agent/Discover-Residential-Ltd/Loughton-184304.html,2025-06-23T01:58:24.238235
73330880,/properties/73330880#/?channel=RES_LET,725,"High Road, London, N12",Flat Share,4,,"","","",,Added on 13/06/2025,/estate-agents/agent/Discover-Residential-Ltd/Loughton-184304.html,2025-06-23T01:58:24.238235
162470444,/properties/162470444#/?channel=RES_LET,800,"1-3 Ashdown Road, Epsom, KT17 3PL",Studio,,,"","","",,Reduced on 13/06/2025,/estate-agents/agent/eXp-UK/South-East-238277.html,2025-06-23T01:58:24.238235
162470444,/properties/162470444#/?channel=RES_LET,800,"1-3 Ashdown Road, Epsom, KT17 3PL",Studio,,,"","","",,Reduced on 13/06/2025,/estate-agents/agent/eXp-UK/South-East-238277.html,2025-06-23T01:58:24.238235
83220881,/properties/83220881#/?channel=RES_LET,685,"Waynflete Square, London, W10",Flat Share,1,,"","","",,Reduced on 13/06/2025,/estate-agents/agent/Nathan-Andrews-Estates/London-112669.html,2025-06-23T01:58:24.238235
83220881,/properties/83220881#/?channel=RES_LET,685,"Waynflete Square, London, W10",Flat Share,1,,"","","",,Reduced on 13/06/2025,/estate-agents/agent/Nathan-Andrews-Estates/London-112669.html,2025-06-23T01:58:24.238235
163244837,/properties/163244837#/?channel=RES_LET,702,"Wilfred Court, London, N15",Flat Share,1,,"","","",,Added on 12/06/2025,/estate-agents/agent/OpenRent/London-96668.html,2025-06-23T01:58:24.238235
163244837,/properties/163244837#/?channel=RES_LET,702,"Wilfred Court, London, N15",Flat Share,1,,"","","",,Added on 12/06/2025,/estate-agents/agent/OpenRent/London-96668.html,2025-06-23T01:58:24.238235
163203539,/properties/163203539#/?channel=RES_LET,800,"Inglis Road, Ealing",Flat,,,"","","",,Reduced on 12/06/2025,/estate-agents/agent/Japan-Letting-Agency/London-258848.html,2025-06-23T01:58:24.238235
163203539,/properties/163203539#/?channel=RES_LET,800,"Inglis Road, Ealing",Flat,,,"","","",,Reduced on 12/06/2025,/estate-agents/agent/Japan-Letting-Agency/London-258848.html,2025-06-23T01:58:24.238235
163220102,/properties/163220102#/?channel=RES_LET,800,Anson Road,Flat,1,,"","","",,Reduced on 12/06/2025,/estate-agents/agent/StudentTenant/Canterbury-249920.html,2025-06-23T01:58:24.238235
163220102,/properties/163220102#/?channel=RES_LET,800,Anson Road,Flat,1,,"","","",,Reduced on 12/06/2025,/estate-agents/agent/StudentTenant/Canterbury-249920.html,2025-06-23T01:58:24.238235
163209620,/properties/163209620#/?channel=RES_LET,800,"Crystal Palace, London, SE19",Flat Share,,,"","","",,Added on 12/06/2025,/estate-agents/agent/iMove-Property/Crystal-Palace-London-80566.html,2025-06-23T01:58:24.238235
163209620,/properties/163209620#/?channel=RES_LET,800,"Crystal Palace, London, SE19",Flat Share,,,"","","",,Added on 12/06/2025,/estate-agents/agent/iMove-Property/Crystal-Palace-London-80566.html,2025-06-23T01:58:24.238235
161915009,/properties/161915009#/?channel=RES_LET,750,Oak Hill Grove,Flat,5,,"","","",,Added on 14/05/2025,/estate-agents/agent/StudentTenant/Canterbury-249920.html,2025-06-23T01:58:24.238235
,,750,Oak Hill Grove,Flat,5,,"","","",,Added on 14/05/2025,/estate-agents/agent/StudentTenant/Canterbury-249920.html,2025-06-23T01:58:24.238235
163177763,/properties/163177763#/?channel=RES_LET,695,"New Cross Road, London, SE14",Not Specified,1,,"","","",,Added on 11/06/2025,/estate-agents/agent/Your-Move/New-Cross-34797.html,2025-06-23T01:58:24.238235
163177763,/properties/163177763#/?channel=RES_LET,695,"New Cross Road, London, SE14",Not Specified,1,,"","","",,Added on 11/06/2025,/estate-agents/agent/Your-Move/New-Cross-34797.html,2025-06-23T01:58:24.238235
161521022,/properties/161521022#/?channel=RES_LET,750,"New North Road, Room 3 Ilford IG6 2UA",Studio,,,"","","",,Reduced on 10/06/2025,/estate-agents/agent/Century-21-Goodmayes/Ilford-279887.html,2025-06-23T01:58:24.238235
161521022,/properties/161521022#/?channel=RES_LET,750,"New North Road, Room 3 Ilford IG6 2UA",Studio,,,"","","",,Reduced on 10/06/2025,/estate-agents/agent/Century-21-Goodmayes/Ilford-279887.html,2025-06-23T01:58:24.238235
161985350,/properties/161985350#/?channel=RES_LET,750,"Talwin Street, London, E3",Flat Share,1,,"","","",,Reduced on 10/06/2025,/estate-agents/agent/Quest-London/London-273062.html,2025-06-23T01:58:24.238235
161985350,/properties/161985350#/?channel=RES_LET,750,"Talwin Street, London, E3",Flat Share,1,,"","","",,Reduced on 10/06/2025,/estate-agents/agent/Quest-London/London-273062.html,2025-06-23T01:58:24.238235
161985419,/properties/161985419#/?channel=RES_LET,797,"Talwin Street, London, E3",Flat Share,1,,"","","",,Reduced on 10/06/2025,/estate-agents/agent/Quest-London/London-273062.html,2025-06-23T01:58:24.238235
161985419,/properties/161985419#/?channel=RES_LET,797,"Talwin Street, London, E3",Flat Share,1,,"","","",,Reduced on 10/06/2025,/estate-agents/agent/Quest-London/London-273062.html,2025-06-23T01:58:24.238235
68102747,/properties/68102747#/?channel=RES_LET,800,"Tooting High Street, London, SW17",Flat Share,,,"","","",,Added on 10/06/2025,/estate-agents/agent/Great-Newport-Lettings/London-173780.html,2025-06-23T01:58:24.238235
68102747,/properties/68102747#/?channel=RES_LET,800,"Tooting High Street, London, SW17",Flat Share,,,"","","",,Added on 10/06/2025,/estate-agents/agent/Great-Newport-Lettings/London-173780.html,2025-06-23T01:58:24.238235
163102178,/properties/163102178#/?channel=RES_LET,800,"Cranbrook Park, Wood Green N22",Not Specified,,,"","","",,Reduced on 10/06/2025,/estate-agents/agent/Neptune-Homes/London-275564.html,2025-06-23T01:58:24.238235
163102178,/properties/163102178#/?channel=RES_LET,800,"Cranbrook Park, Wood Green N22",Not Specified,,,"","","",,Reduced on 10/06/2025,/estate-agents/agent/Neptune-Homes/London-275564.html,2025-06-23T01:58:24.238235
160156979,/properties/160156979#/?channel=RES_LET,750,"Long Green, Chigwell, IG7",Flat Share,1,,"","","",,Reduced on 10/06/2025,/estate-agents/agent/Emoov/Chelmsford-180266.html,2025-06-23T01:58:24.238235
160156979,/properties/160156979#/?channel=RES_LET,750,"Long Green, Chigwell, IG7",Flat Share,1,,"","","",,Reduced on 10/06/2025,/estate-agents/agent/Emoov/Chelmsford-180266.html,2025-06-23T01:58:24.238235
163319783,/properties/163319783#/?channel=RES_LET,640,"Croydon, London, CR0",Studio,,,"","","",,Added on 09/06/2025,/estate-agents/agent/OpenRent/London-96668.html,2025-06-23T01:58:24.238235
163319783,/properties/163319783#/?channel=RES_LET,640,"Croydon, London, CR0",Studio,,,"","","",,Added on 09/06/2025,/estate-agents/agent/OpenRent/London-96668.html,2025-06-23T01:58:24.238235
163294541,/properties/163294541#/?channel=RES_LET,800,"South Ealing, London, W5",Flat Share,1,,"","","",,Added on 07/06/2025,/estate-agents/agent/OpenRent/London-96668.html,2025-06-23T01:58:24.238235
163294541,/properties/163294541#/?channel=RES_LET,800,"South Ealing, London, W5",Flat Share,1,,"","","",,Added on 07/06/2025,/estate-agents/agent/OpenRent/London-96668.html,2025-06-23T01:58:24.238235
162958844,/properties/162958844#/?channel=RES_LET,675,"Chaucer Road, Bedford",Studio,,,"","","",,Added on 06/06/2025,/estate-agents/agent/haart/Bedford-86050.html,2025-06-23T01:58:24.238235
162958844,/properties/162958844#/?channel=RES_LET,675,"Chaucer Road, Bedford",Studio,,,"","","",,Added on 06/06/2025,/estate-agents/agent/haart/Bedford-86050.html,2025-06-23T01:58:24.238235
162400148,/properties/162400148#/?channel=RES_LET,749,"The Ridgeway, Enfield, EN2",Flat Share,1,,"","","",,Reduced on 06/06/2025,/estate-agents/agent/OpenRent/London-96668.html,2025-06-23T01:58:24.238235
162400148,/properties/162400148#/?channel=RES_LET,749,"The Ridgeway, Enfield, EN2",Flat Share,1,,"","","",,Reduced on 06/06/2025,/estate-agents/agent/OpenRent/London-96668.html,2025-06-23T01:58:24.238235
162921977,/properties/162921977#/?channel=RES_LET,700,"Sidney Road, Staines-Upon-Thames",Studio,,,"","","",,Added on 05/06/2025,/estate-agents/agent/S-J-Smith-Estate-Agents/Ashford-72819.html,2025-06-23T01:58:24.238235
162921977,/properties/162921977#/?channel=RES_LET,700,"Sidney Road, Staines-Upon-Thames",Studio,,,"","","",,Added on 05/06/2025,/estate-agents/agent/S-J-Smith-Estate-Agents/Ashford-72819.html,2025-06-23T01:58:24.238235
122917445,/properties/122917445#/?channel=RES_LET,700,"Pinner Road, Harrow, Middlesex, HA1",Flat Share,1,,"","","",,Reduced on 05/06/2025,/estate-agents/agent/McS-Mckenzie-Sakowicz-Estates/Ruislip-244001.html,2025-06-23T01:58:24.238235
122917445,/properties/122917445#/?channel=RES_LET,700,"Pinner Road, Harrow, Middlesex, HA1",Flat Share,1,,"","","",,Reduced on 05/06/2025,/estate-agents/agent/McS-Mckenzie-Sakowicz-Estates/Ruislip-244001.html,2025-06-23T01:58:24.238235
68392208,/properties/68392208#/?channel=RES_LET,525,"Parkhouse Street, London, SE5",Flat,4,,"","","",,Added on 05/06/2025,/estate-agents/agent/Ad-Hoc-Property-Management-Ltd/London-103628.html,2025-06-23T01:58:24.238235
68392208,/properties/68392208#/?channel=RES_LET,525,"Parkhouse Street, London, SE5",Flat,4,,"","","",,Added on 05/06/2025,/estate-agents/agent/Ad-Hoc-Property-Management-Ltd/London-103628.html,2025-06-23T01:58:24.238235
160648517,/properties/160648517#/?channel=RES_LET,600,"Burdett Road, London, E3",Flat Share,1,,"","","",,Reduced on 05/06/2025,/estate-agents/agent/Citiland-Homes/London-282164.html,2025-06-23T01:58:24.238235
160648517,/properties/160648517#/?channel=RES_LET,600,"Burdett Road, London, E3",Flat Share,1,,"","","",,Reduced on 05/06/2025,/estate-agents/agent/Citiland-Homes/London-282164.html,2025-06-23T01:58:24.238235
162876953,/properties/162876953#/?channel=RES_LET,725,"Vivian Avenue, Hendon, London, NW4",Studio,,,"","","",,Added on 05/06/2025,/estate-agents/agent/Foxtons/Temple-Fortune-87812.html,2025-06-23T01:58:24.238235
162876953,/properties/162876953#/?channel=RES_LET,725,"Vivian Avenue, Hendon, London, NW4",Studio,,,"","","",,Added on 05/06/2025,/estate-agents/agent/Foxtons/Temple-Fortune-87812.html,2025-06-23T01:58:24.238235
142005545,/properties/142005545#/?channel=RES_LET,800,"Manor Road, Wallington, Surrey, SM6",Studio,,,"","","",,Added on 04/06/2025,/estate-agents/agent/Kenyons-Estate-Agents/Carshalton-8348.html,2025-06-23T01:58:24.238235
142005545,/properties/142005545#/?channel=RES_LET,800,"Manor Road, Wallington, Surrey, SM6",Studio,,,"","","",,Added on 04/06/2025,/estate-agents/agent/Kenyons-Estate-Agents/Carshalton-8348.html,2025-06-23T01:58:24.238235
87160392,/properties/87160392#/?channel=RES_LET,760,"Barclay Road, Croydon",Studio,,,"","","",,Added on 04/06/2025,/estate-agents/agent/100-Key-Properties-Ltd/Hornchurch-290528.html,2025-06-23T01:58:24.238235
87160392,/properties/87160392#/?channel=RES_LET,760,"Barclay Road, Croydon",Studio,,,"","","",,Added on 04/06/2025,/estate-agents/agent/100-Key-Properties-Ltd/Hornchurch-290528.html,2025-06-23T01:58:24.238235
87160638,/properties/87160638#/?channel=RES_LET,800,"B Inglis Road, Croydon",Studio,,,"","","",,Added on 04/06/2025,/estate-agents/agent/100-Key-Properties-Ltd/Hornchurch-290528.html,2025-06-23T01:58:24.238235
87160638,/properties/87160638#/?channel=RES_LET,800,"B Inglis Road, Croydon",Studio,,,"","","",,Added on 04/06/2025,/estate-agents/agent/100-Key-Properties-Ltd/Hornchurch-290528.html,2025-06-23T01:58:24.238235
87160317,/properties/87160317#/?channel=RES_LET,780,"B Inglis Road, Croydon",Studio,,,"","","",,Added on 04/06/2025,/estate-agents/agent/100-Key-Properties-Ltd/Hornchurch-290528.html,2025-06-23T01:58:24.238235
87160317,/properties/87160317#/?channel=RES_LET,780,"B Inglis Road, Croydon",Studio,,,"","","",,Added on 04/06/2025,/estate-agents/agent/100-Key-Properties-Ltd/Hornchurch-290528.html,2025-06-23T01:58:24.238235
87160356,/properties/87160356#/?channel=RES_LET,740,"B Inglis Road, Croydon",Studio,,,"","","",,Added on 04/06/2025,/estate-agents/agent/100-Key-Properties-Ltd/Hornchurch-290528.html,2025-06-23T01:58:24.238235
87160356,/properties/87160356#/?channel=RES_LET,740,"B Inglis Road, Croydon",Studio,,,"","","",,Added on 04/06/2025,/estate-agents/agent/100-Key-Properties-Ltd/Hornchurch-290528.html,2025-06-23T01:58:24.238235
87158277,/properties/87158277#/?channel=RES_LET,604,"The Poplars, Borehamwood Grove Road, Borehamwood, WD6 5HW",Flat,1,,"","","",,Added on 04/06/2025,/estate-agents/agent/Clarion-Housing-Lettings/UK-58989.html,2025-06-23T01:58:24.238235
87158277,/properties/87158277#/?channel=RES_LET,604,"The Poplars, Borehamwood Grove Road, Borehamwood, WD6 5HW",Flat,1,,"","","",,Added on 04/06/2025,/estate-agents/agent/Clarion-Housing-Lettings/UK-58989.html,2025-06-23T01:58:24.238235
142637756,/properties/142637756#/?channel=RES_LET,750,"Tudor Way, Uxbridge UB10",Ground Flat,,,"","","",,Added on 03/06/2025,/estate-agents/agent/Lawlors-Estate-Agents/Hayes-19332.html,2025-06-23T01:58:24.238235
142637756,/properties/142637756#/?channel=RES_LET,750,"Tudor Way, Uxbridge UB10",Ground Flat,,,"","","",,Added on 03/06/2025,/estate-agents/agent/Lawlors-Estate-Agents/Hayes-19332.html,2025-06-23T01:58:24.238235
162747860,/properties/162747860#/?channel=RES_LET,800,"Vine Gardens, Ilford, IG1",Studio,,,"","","",,Added on 02/06/2025,/estate-agents/agent/Stonebridge-Estates/London-214412.html,2025-06-23T01:58:24.238235
162747860,/properties/162747860#/?channel=RES_LET,800,"Vine Gardens, Ilford, IG1",Studio,,,"","","",,Added on 02/06/2025,/estate-agents/agent/Stonebridge-Estates/London-214412.html,2025-06-23T01:58:24.238235
161593589,/properties/161593589#/?channel=RES_LET,800,"West Green Road, Turnpike Lane, N15",Studio,,,"","","",,Reduced on 02/06/2025,/estate-agents/agent/Hemmingfords/London-201083.html,2025-06-23T01:58:24.238235
161593589,/properties/161593589#/?channel=RES_LET,800,"West Green Road, Turnpike Lane, N15",Studio,,,"","","",,Reduced on 02/06/2025,/estate-agents/agent/Hemmingfords/London-201083.html,2025-06-23T01:58:24.238235
160890728,/properties/160890728#/?channel=RES_LET,750,"Milton House, Kingston Upon Thames, KT2",Flat Share,1,,"","","",,Reduced on 02/06/2025,/estate-agents/agent/OpenRent/London-96668.html,2025-06-23T01:58:24.238235
160890728,/properties/160890728#/?channel=RES_LET,750,"Milton House, Kingston Upon Thames, KT2",Flat Share,1,,"","","",,Reduced on 02/06/2025,/estate-agents/agent/OpenRent/London-96668.html,2025-06-23T01:58:24.238235
162700985,/properties/162700985#/?channel=RES_LET,797,"Kings Road, Willesden Green NW10",Flat,,,"","","",,Added on 02/06/2025,/estate-agents/agent/Black-Katz/West-Hampstead-32793.html,2025-06-23T01:58:24.238235
162700985,/properties/162700985#/?channel=RES_LET,797,"Kings Road, Willesden Green NW10",Flat,,,"","","",,Added on 02/06/2025,/estate-agents/agent/Black-Katz/West-Hampstead-32793.html,2025-06-23T01:58:24.238235
162636650,/properties/162636650#/?channel=RES_LET,800,"Vicarage Park, London SE18 7SU",Flat Share,1,,"","","",,Added on 31/05/2025,/estate-agents/agent/Greens/London---Lettings-117481.html,2025-06-23T01:58:24.238235
162636650,/properties/162636650#/?channel=RES_LET,800,"Vicarage Park, London SE18 7SU",Flat Share,1,,"","","",,Added on 31/05/2025,/estate-agents/agent/Greens/London---Lettings-117481.html,2025-06-23T01:58:24.238235
162645149,/properties/162645149#/?channel=RES_LET,698,"Stag Lane, London, NW9",Studio,,,"","","",,Added on 30/05/2025,/estate-agents/agent/Homeview-Estates/London-183968.html,2025-06-23T01:58:24.238235
162645149,/properties/162645149#/?channel=RES_LET,698,"Stag Lane, London, NW9",Studio,,,"","","",,Added on 30/05/2025,/estate-agents/agent/Homeview-Estates/London-183968.html,2025-06-23T01:58:24.238235
162625988,/properties/162625988#/?channel=RES_LET,800,"High Street, Epsom",Studio,,,"","","",,Added on 30/05/2025,/estate-agents/agent/The-Personal-Agent-Lettings-and-Management-Ltd/Epsom-196808.html,2025-06-23T01:58:24.238235
162625988,/properties/162625988#/?channel=RES_LET,800,"High Street, Epsom",Studio,,,"","","",,Added on 30/05/2025,/estate-agents/agent/The-Personal-Agent-Lettings-and-Management-Ltd/Epsom-196808.html,2025-06-23T01:58:24.238235
158451665,/properties/158451665#/?channel=RES_LET,800,"Sage Street, LONDON",Apartment,1,,"","","",,Reduced on 28/05/2025,/estate-agents/agent/Felicity-J-Lord/Wapping-Wall-Lettings-11495.html,2025-06-23T01:58:24.238235
158451665,/properties/158451665#/?channel=RES_LET,800,"Sage Street, LONDON",Apartment,1,,"","","",,Reduced on 28/05/2025,/estate-agents/agent/Felicity-J-Lord/Wapping-Wall-Lettings-11495.html,2025-06-23T01:58:24.238235
160477259,/properties/160477259#/?channel=RES_LET,800,"High Road, Ickenham, UB10",Apartment,,,"","","",,Reduced on 28/05/2025,/estate-agents/agent/Christopher-Nevill/Uxbridge---Lettings-9211.html,2025-06-23T01:58:24.238235
160477259,/properties/160477259#/?channel=RES_LET,800,"High Road, Ickenham, UB10",Apartment,,,"","","",,Reduced on 28/05/2025,/estate-agents/agent/Christopher-Nevill/Uxbridge---Lettings-9211.html,2025-06-23T01:58:24.238235
161673191,/properties/161673191#/?channel=RES_LET,800,"Sterling Way, Edmonton",Flat Share,,,"","","",,Reduced on 27/05/2025,/estate-agents/agent/Ariston-Property/London-21035.html,2025-06-23T01:58:24.238235
161673191,/properties/161673191#/?channel=RES_LET,800,"Sterling Way, Edmonton",Flat Share,,,"","","",,Reduced on 27/05/2025,/estate-agents/agent/Ariston-Property/London-21035.html,2025-06-23T01:58:24.238235
78622493,/properties/78622493#/?channel=RES_LET,750,"Holly Road, Twickenham, Middlesex, TW1",Flat Share,1,,"","","",,Reduced on 26/05/2025,/estate-agents/agent/Great-Newport-Lettings/London-173780.html,2025-06-23T01:58:24.238235
78622493,/properties/78622493#/?channel=RES_LET,750,"Holly Road, Twickenham, Middlesex, TW1",Flat Share,1,,"","","",,Reduced on 26/05/2025,/estate-agents/agent/Great-Newport-Lettings/London-173780.html,2025-06-23T01:58:24.238235
162421157,/properties/162421157#/?channel=RES_LET,604,"The Poplars , Grove Road, Borehamwood, WD6 5HW",Flat,1,,"","","",,Added on 24/05/2025,/estate-agents/agent/Clarion-Housing-Lettings/UK-58989.html,2025-06-23T01:58:24.238235
162421157,/properties/162421157#/?channel=RES_LET,604,"The Poplars , Grove Road, Borehamwood, WD6 5HW",Flat,1,,"","","",,Added on 24/05/2025,/estate-agents/agent/Clarion-Housing-Lettings/UK-58989.html,2025-06-23T01:58:24.238235
162410357,/properties/162410357#/?channel=RES_LET,800,"Langley Park Road, Sutton",Studio,,,"","","",,Added on 24/05/2025,/estate-agents/agent/Centro/Sutton---Lettings-59563.html,2025-06-23T01:58:24.238235
162410357,/properties/162410357#/?channel=RES_LET,800,"Langley Park Road, Sutton",Studio,,,"","","",,Added on 24/05/2025,/estate-agents/agent/Centro/Sutton---Lettings-59563.html,2025-06-23T01:58:24.238235
127196387,/properties/127196387#/?channel=RES_LET,750,"Pinner Road, Harrow, Middlesex, HA1",Flat Share,1,,"","","",,Reduced on 24/05/2025,/estate-agents/agent/McS-Mckenzie-Sakowicz-Estates/Ruislip-244001.html,2025-06-23T01:58:24.238235
127196387,/properties/127196387#/?channel=RES_LET,750,"Pinner Road, Harrow, Middlesex, HA1",Flat Share,1,,"","","",,Reduced on 24/05/2025,/estate-agents/agent/McS-Mckenzie-Sakowicz-Estates/Ruislip-244001.html,2025-06-23T01:58:24.238235
79938206,/properties/79938206#/?channel=RES_LET,700,"Stafford Road, Wallington, Surrey, SM6",Studio,,,"","","",,Added on 23/05/2025,/estate-agents/agent/Kenyons-Estate-Agents/Carshalton-8348.html,2025-06-23T01:58:24.238235
79938206,/properties/79938206#/?channel=RES_LET,700,"Stafford Road, Wallington, Surrey, SM6",Studio,,,"","","",,Added on 23/05/2025,/estate-agents/agent/Kenyons-Estate-Agents/Carshalton-8348.html,2025-06-23T01:58:24.238235
163309631,/properties/163309631#/?channel=RES_LET,758,"Oban Street, London, E14 0HZ",Flat Share,1,,"","","",,Reduced on 22/05/2025,/estate-agents/agent/Prime-Land-Property/London-39507.html,2025-06-23T01:58:24.238235
163309631,/properties/163309631#/?channel=RES_LET,758,"Oban Street, London, E14 0HZ",Flat Share,1,,"","","",,Reduced on 22/05/2025,/estate-agents/agent/Prime-Land-Property/London-39507.html,2025-06-23T01:58:24.238235
160702928,/properties/160702928#/?channel=RES_LET,693,"Oban Street, Poplar, London, E14 0HZ",Flat Share,1,,"","","",,Reduced on 22/05/2025,/estate-agents/agent/Prime-Land-Property/London-39507.html,2025-06-23T01:58:24.238235
160702928,/properties/160702928#/?channel=RES_LET,693,"Oban Street, Poplar, London, E14 0HZ",Flat Share,1,,"","","",,Reduced on 22/05/2025,/estate-agents/agent/Prime-Land-Property/London-39507.html,2025-06-23T01:58:24.238235
162264260,/properties/162264260#/?channel=RES_LET,800,"Cambalt Road, London, SW15",Flat Share,1,,"","","",,Added on 21/05/2025,/estate-agents/agent/OpenRent/London-96668.html,2025-06-23T01:58:24.238235
162264260,/properties/162264260#/?channel=RES_LET,800,"Cambalt Road, London, SW15",Flat Share,1,,"","","",,Added on 21/05/2025,/estate-agents/agent/OpenRent/London-96668.html,2025-06-23T01:58:24.238235
161607293,/properties/161607293#/?channel=RES_LET,750,"Bridge Road, EAST MOLESEY",Studio,,,"","","",,Reduced on 21/05/2025,/estate-agents/agent/Barnard-Marcus-Lettings/Worcester-Park---Lettings-125851.html,2025-06-23T01:58:24.238235
161607293,/properties/161607293#/?channel=RES_LET,750,"Bridge Road, EAST MOLESEY",Studio,,,"","","",,Reduced on 21/05/2025,/estate-agents/agent/Barnard-Marcus-Lettings/Worcester-Park---Lettings-125851.html,2025-06-23T01:58:24.238235
162212477,/properties/162212477#/?channel=RES_LET,745,"Gratton Terrace, London, NW2",Flat Share,1,,"","","",,Added on 20/05/2025,/estate-agents/agent/OpenRent/London-96668.html,2025-06-23T01:58:24.238235
162212477,/properties/162212477#/?channel=RES_LET,745,"Gratton Terrace, London, NW2",Flat Share,1,,"","","",,Added on 20/05/2025,/estate-agents/agent/OpenRent/London-96668.html,2025-06-23T01:58:24.238235
81399212,/properties/81399212#/?channel=RES_LET,750,"Sewardstone Road, Waltham Abbey",Apartment,,,"","","",,Reduced on 20/05/2025,/estate-agents/agent/Rainbow-Estate-Agents-SE-Ltd/Essex-203732.html,2025-06-23T01:58:24.238235
81399212,/properties/81399212#/?channel=RES_LET,750,"Sewardstone Road, Waltham Abbey",Apartment,,,"","","",,Reduced on 20/05/2025,/estate-agents/agent/Rainbow-Estate-Agents-SE-Ltd/Essex-203732.html,2025-06-23T01:58:24.238235
161043347,/properties/161043347#/?channel=RES_LET,800,"Shorwell Court, Oakhill Road, Purfleet, RM19",Flat,,,"","","",,Reduced on 20/05/2025,/estate-agents/agent/Griffin-Residential-Group/Grays-17624.html,2025-06-23T01:58:24.238235
161043347,/properties/161043347#/?channel=RES_LET,800,"Shorwell Court, Oakhill Road, Purfleet, RM19",Flat,,,"","","",,Reduced on 20/05/2025,/estate-agents/agent/Griffin-Residential-Group/Grays-17624.html,2025-06-23T01:58:24.238235
162152597,/properties/162152597#/?channel=RES_LET,650,"Acton Lane, London, NW10",Studio,,,"","","",,Added on 19/05/2025,/estate-agents/agent/Choices-Asset-Management/Redhill-182333.html,2025-06-23T01:58:24.238235
162152597,/properties/162152597#/?channel=RES_LET,650,"Acton Lane, London, NW10",Studio,,,"","","",,Added on 19/05/2025,/estate-agents/agent/Choices-Asset-Management/Redhill-182333.html,2025-06-23T01:58:24.238235
158705045,/properties/158705045#/?channel=RES_LET,745,"Gratton Terrace, London, NW2",Flat Share,1,,"","","",,Reduced on 19/05/2025,/estate-agents/agent/OpenRent/London-96668.html,2025-06-23T01:58:24.238235
158705045,/properties/158705045#/?channel=RES_LET,745,"Gratton Terrace, London, NW2",Flat Share,1,,"","","",,Reduced on 19/05/2025,/estate-agents/agent/OpenRent/London-96668.html,2025-06-23T01:58:24.238235
161985662,/properties/161985662#/?channel=RES_LET,750,"Talwin Street, London, E3",Flat Share,1,,"","","",,Reduced on 15/05/2025,/estate-agents/agent/Quest-London/London-273062.html,2025-06-23T01:58:24.238235
161985662,/properties/161985662#/?channel=RES_LET,750,"Talwin Street, London, E3",Flat Share,1,,"","","",,Reduced on 15/05/2025,/estate-agents/agent/Quest-London/London-273062.html,2025-06-23T01:58:24.238235
161985485,/properties/161985485#/?channel=RES_LET,771,"Talwin Street, London, E3",Flat Share,1,,"","","",,Reduced on 15/05/2025,/estate-agents/agent/Quest-London/London-273062.html,2025-06-23T01:58:24.238235
161985485,/properties/161985485#/?channel=RES_LET,771,"Talwin Street, London, E3",Flat Share,1,,"","","",,Reduced on 15/05/2025,/estate-agents/agent/Quest-London/London-273062.html,2025-06-23T01:58:24.238235
163448483,/properties/163448483#/?channel=RES_LET,750,"Goldhurst Terrace, London, NW6",Flat Share,1,,"","","",,Added on 15/05/2025,/estate-agents/agent/OpenRent/London-96668.html,2025-06-23T01:58:24.238235
163448483,/properties/163448483#/?channel=RES_LET,750,"Goldhurst Terrace, London, NW6",Flat Share,1,,"","","",,Added on 15/05/2025,/estate-agents/agent/OpenRent/London-96668.html,2025-06-23T01:58:24.238235
161951438,/properties/161951438#/?channel=RES_LET,775,"Eltham, London, SE9",Flat Share,1,,"","","",,Reduced on 14/05/2025,/estate-agents/agent/OpenRent/London-96668.html,2025-06-23T01:58:24.238235
161951438,/properties/161951438#/?channel=RES_LET,775,"Eltham, London, SE9",Flat Share,1,,"","","",,Reduced on 14/05/2025,/estate-agents/agent/OpenRent/London-96668.html,2025-06-23T01:58:24.238235
161915009,/properties/161915009#/?channel=RES_LET,750,Oak Hill Grove,Flat,5,,"","","",,Added on 14/05/2025,/estate-agents/agent/StudentTenant/Canterbury-249920.html,2025-06-23T01:58:24.238235
161915009,/properties/161915009#/?channel=RES_LET,750,Oak Hill Grove,Flat,5,,"","","",,Added on 14/05/2025,/estate-agents/agent/StudentTenant/Canterbury-249920.html,2025-06-23T01:58:24.238235
161889818,/properties/161889818#/?channel=RES_LET,700,"High Road, Whetstone, N20",Flat Share,1,,"","","",,Added on 13/05/2025,/estate-agents/agent/Jeremy-Leaf-and-Co/North-Finchley-7167.html,2025-06-23T01:58:24.238235
161889818,/properties/161889818#/?channel=RES_LET,700,"High Road, Whetstone, N20",Flat Share,1,,"","","",,Added on 13/05/2025,/estate-agents/agent/Jeremy-Leaf-and-Co/North-Finchley-7167.html,2025-06-23T01:58:24.238235
153635441,/properties/153635441#/?channel=RES_LET,749,"Felstead Avenue, Ilford, London, IG5",Studio,,,"","","",,Added on 13/05/2025,/estate-agents/agent/Broadhill/Ilford-82863.html,2025-06-23T01:58:24.238235
153635441,/properties/153635441#/?channel=RES_LET,749,"Felstead Avenue, Ilford, London, IG5",Studio,,,"","","",,Added on 13/05/2025,/estate-agents/agent/Broadhill/Ilford-82863.html,2025-06-23T01:58:24.238235
85508406,/properties/85508406#/?channel=RES_LET,800,"Stafford Road, Wallington, Surrey, SM6",Studio,,,"","","",,Added on 13/05/2025,/estate-agents/agent/Kenyons-Estate-Agents/Carshalton-8348.html,2025-06-23T01:58:24.238235
85508406,/properties/85508406#/?channel=RES_LET,800,"Stafford Road, Wallington, Surrey, SM6",Studio,,,"","","",,Added on 13/05/2025,/estate-agents/agent/Kenyons-Estate-Agents/Carshalton-8348.html,2025-06-23T01:58:24.238235
160934279,/properties/160934279#/?channel=RES_LET,800,"Wickham Lane, London, SE2",Flat Share,1,,"","","",,Reduced on 12/05/2025,/estate-agents/agent/Hue-Homes-Limited/London-109994.html,2025-06-23T01:58:24.238235
160934279,/properties/160934279#/?channel=RES_LET,800,"Wickham Lane, London, SE2",Flat Share,1,,"","","",,Reduced on 12/05/2025,/estate-agents/agent/Hue-Homes-Limited/London-109994.html,2025-06-23T01:58:24.238235
162437006,/properties/162437006#/?channel=RES_LET,800,"Cedar Road, SUTTON",Flat,,,"","","",,Added on 12/05/2025,/estate-agents/agent/Barnard-Marcus-Lettings/Sutton-Lettings-65264.html,2025-06-23T01:58:24.238235
162437006,/properties/162437006#/?channel=RES_LET,800,"Cedar Road, SUTTON",Flat,,,"","","",,Added on 12/05/2025,/estate-agents/agent/Barnard-Marcus-Lettings/Sutton-Lettings-65264.html,2025-06-23T01:58:24.238235
161285822,/properties/161285822#/?channel=RES_LET,750,"Athelstan Road, Romford, London, RM3",Flat Share,1,,"","","",,Reduced on 12/05/2025,/estate-agents/agent/GG-House/Covering-London-279596.html,2025-06-23T01:58:24.238235
161285822,/properties/161285822#/?channel=RES_LET,750,"Athelstan Road, Romford, London, RM3",Flat Share,1,,"","","",,Reduced on 12/05/2025,/estate-agents/agent/GG-House/Covering-London-279596.html,2025-06-23T01:58:24.238235
87152856,/properties/87152856#/?channel=RES_LET,750,"Whittington Avenue,  Hayes, UB4",Studio,,,"","","",,Added on 12/05/2025,/estate-agents/agent/Galaxy-Real-Estate/Hayes-219908.html,2025-06-23T01:58:24.238235
87152856,/properties/87152856#/?channel=RES_LET,750,"Whittington Avenue,  Hayes, UB4",Studio,,,"","","",,Added on 12/05/2025,/estate-agents/agent/Galaxy-Real-Estate/Hayes-219908.html,2025-06-23T01:58:24.238235
162754523,/properties/162754523#/?channel=RES_LET,695,"Bew Court, London, SE22",Flat Share,1,,"","","",,Added on 10/05/2025,/estate-agents/agent/OpenRent/London-96668.html,2025-06-23T01:58:24.238235
162754523,/properties/162754523#/?channel=RES_LET,695,"Bew Court, London, SE22",Flat Share,1,,"","","",,Added on 10/05/2025,/estate-agents/agent/OpenRent/London-96668.html,2025-06-23T01:58:24.238235
114685184,/properties/114685184#/?channel=RES_LET,800,"London Road, SW16",Flat Share,,,"","","",,Added on 10/05/2025,/estate-agents/agent/Such-Properties/London-238883.html,2025-06-23T01:58:24.238235
114685184,/properties/114685184#/?channel=RES_LET,800,"London Road, SW16",Flat Share,,,"","","",,Added on 10/05/2025,/estate-agents/agent/Such-Properties/London-238883.html,2025-06-23T01:58:24.238235
161740772,/properties/161740772#/?channel=RES_LET,698,"Stag Lane, London, NW9",Studio,,,"","","",,Added on 09/05/2025,/estate-agents/agent/Homeview-Estates/London-183968.html,2025-06-23T01:58:24.238235
161740772,/properties/161740772#/?channel=RES_LET,698,"Stag Lane, London, NW9",Studio,,,"","","",,Added on 09/05/2025,/estate-agents/agent/Homeview-Estates/London-183968.html,2025-06-23T01:58:24.238235
161740481,/properties/161740481#/?channel=RES_LET,797,"Darling Row, London, E1",Flat Share,1,,"","","",,Reduced on 09/05/2025,/estate-agents/agent/Quest-London/London-273062.html,2025-06-23T01:58:24.238235
161740481,/properties/161740481#/?channel=RES_LET,797,"Darling Row, London, E1",Flat Share,1,,"","","",,Reduced on 09/05/2025,/estate-agents/agent/Quest-London/London-273062.html,2025-06-23T01:58:24.238235
161734184,/properties/161734184#/?channel=RES_LET,775,"BUSHEY, Highfield Road",Ground Flat,1,,"","","",,Added on 09/05/2025,/estate-agents/agent/Home-Management-Ltd/Bushey-45200.html,2025-06-23T01:58:24.238235
161734184,/properties/161734184#/?channel=RES_LET,775,"BUSHEY, Highfield Road",Ground Flat,1,,"","","",,Added on 09/05/2025,/estate-agents/agent/Home-Management-Ltd/Bushey-45200.html,2025-06-23T01:58:24.238235
161706719,/properties/161706719#/?channel=RES_LET,750,"Centurion Way, Purfleet, RM19",Flat Share,1,,"","","",,Added on 08/05/2025,/estate-agents/agent/OpenRent/London-96668.html,2025-06-23T01:58:24.238235
161706719,/properties/161706719#/?channel=RES_LET,750,"Centurion Way, Purfleet, RM19",Flat Share,1,,"","","",,Added on 08/05/2025,/estate-agents/agent/OpenRent/London-96668.html,2025-06-23T01:58:24.238235
133389401,/properties/133389401#/?channel=RES_LET,500,"Five Acre, London, NW9",Flat,2,,"","","",,Reduced on 08/05/2025,/estate-agents/agent/Ad-Hoc-Property-Management-Ltd/London-103628.html,2025-06-23T01:58:24.238235
133389401,/properties/133389401#/?channel=RES_LET,500,"Five Acre, London, NW9",Flat,2,,"","","",,Reduced on 08/05/2025,/estate-agents/agent/Ad-Hoc-Property-Management-Ltd/London-103628.html,2025-06-23T01:58:24.238235
161603309,/properties/161603309#/?channel=RES_LET,800,"Crayford Road, Islington, London, N7",Apartment,,,"","","",,Added on 07/05/2025,/estate-agents/agent/Drivers-and-Norris/Islington--Lettings-54616.html,2025-06-23T01:58:24.238235
161603309,/properties/161603309#/?channel=RES_LET,800,"Crayford Road, Islington, London, N7",Apartment,,,"","","",,Added on 07/05/2025,/estate-agents/agent/Drivers-and-Norris/Islington--Lettings-54616.html,2025-06-23T01:58:24.238235
161579132,/properties/161579132#/?channel=RES_LET,800,"Preston Road, Middlesex, HA3",Flat Share,1,,"","","",,Added on 06/05/2025,/estate-agents/agent/OpenRent/London-96668.html,2025-06-23T01:58:24.238235
161579132,/properties/161579132#/?channel=RES_LET,800,"Preston Road, Middlesex, HA3",Flat Share,1,,"","","",,Added on 06/05/2025,/estate-agents/agent/OpenRent/London-96668.html,2025-06-23T01:58:24.238235
161532200,/properties/161532200#/?channel=RES_LET,604,"Fulton Court, Aycliffe Road   , WD6 4HP",Flat,1,,"","","",,Added on 06/05/2025,/estate-agents/agent/Clarion-Housing-Lettings/UK-58989.html,2025-06-23T01:58:24.238235
161532200,/properties/161532200#/?channel=RES_LET,604,"Fulton Court, Aycliffe Road   , WD6 4HP",Flat,1,,"","","",,Added on 06/05/2025,/estate-agents/agent/Clarion-Housing-Lettings/UK-58989.html,2025-06-23T01:58:24.238235
148051604,/properties/148051604#/?channel=RES_LET,750,Pymmes Green Road N11,Studio,,,"","","",,Reduced on 01/05/2025,/estate-agents/agent/Crown-House-Estates/London-235946.html,2025-06-23T01:58:24.238235
148051604,/properties/148051604#/?channel=RES_LET,750,Pymmes Green Road N11,Studio,,,"","","",,Reduced on 01/05/2025,/estate-agents/agent/Crown-House-Estates/London-235946.html,2025-06-23T01:58:24.238235
143530334,/properties/143530334#/?channel=RES_LET,750,Pymmes Green Road N11,Studio,,,"","","",,Reduced on 01/05/2025,/estate-agents/agent/Crown-House-Estates/London-235946.html,2025-06-23T01:58:24.238235
143530334,/properties/143530334#/?channel=RES_LET,750,Pymmes Green Road N11,Studio,,,"","","",,Reduced on 01/05/2025,/estate-agents/agent/Crown-House-Estates/London-235946.html,2025-06-23T01:58:24.238235
161362664,/properties/161362664#/?channel=RES_LET,750,"West House Close, London, SW19",Flat Share,1,,"","","",,Added on 01/05/2025,/estate-agents/agent/OpenRent/London-96668.html,2025-06-23T01:58:24.238235
161362664,/properties/161362664#/?channel=RES_LET,750,"West House Close, London, SW19",Flat Share,1,,"","","",,Added on 01/05/2025,/estate-agents/agent/OpenRent/London-96668.html,2025-06-23T01:58:24.238235
148051604,/properties/148051604#/?channel=RES_LET,750,Pymmes Green Road N11,Studio,,,"","","",,Reduced on 01/05/2025,/estate-agents/agent/Crown-House-Estates/London-235946.html,2025-06-23T01:58:24.238235
148051604,/properties/148051604#/?channel=RES_LET,750,Pymmes Green Road N11,Studio,,,"","","",,Reduced on 01/05/2025,/estate-agents/agent/Crown-House-Estates/London-235946.html,2025-06-23T01:58:24.238235
143530334,/properties/143530334#/?channel=RES_LET,750,Pymmes Green Road N11,Studio,,,"","","",,Reduced on 01/05/2025,/estate-agents/agent/Crown-House-Estates/London-235946.html,2025-06-23T01:58:24.238235
143530334,/properties/143530334#/?channel=RES_LET,750,Pymmes Green Road N11,Studio,,,"","","",,Reduced on 01/05/2025,/estate-agents/agent/Crown-House-Estates/London-235946.html,2025-06-23T01:58:24.238235
161362664,/properties/161362664#/?channel=RES_LET,750,"West House Close, London, SW19",Flat Share,1,,"","","",,Added on 01/05/2025,/estate-agents/agent/OpenRent/London-96668.html,2025-06-23T01:58:24.238235
161362664,/properties/161362664#/?channel=RES_LET,750,"West House Close, London, SW19",Flat Share,1,,"","","",,Added on 01/05/2025,/estate-agents/agent/OpenRent/London-96668.html,2025-06-23T01:58:24.238235
161320955,/properties/161320955#/?channel=RES_LET,800,"Room 1 Lea Bridge Road, Leyton E10",Studio,,,"","","",,Added on 30/04/2025,/estate-agents/agent/In-Estates/London-38897.html,2025-06-23T01:58:24.238235
161320955,/properties/161320955#/?channel=RES_LET,800,"Room 1 Lea Bridge Road, Leyton E10",Studio,,,"","","",,Added on 30/04/2025,/estate-agents/agent/In-Estates/London-38897.html,2025-06-23T01:58:24.238235
161232581,/properties/161232581#/?channel=RES_LET,750,"Holmwood Road, London, Essex, IG3",Studio,,,"","","",,Added on 28/04/2025,/estate-agents/agent/Dimension-Estates/London-87953.html,2025-06-23T01:58:24.238235
161232581,/properties/161232581#/?channel=RES_LET,750,"Holmwood Road, London, Essex, IG3",Studio,,,"","","",,Added on 28/04/2025,/estate-agents/agent/Dimension-Estates/London-87953.html,2025-06-23T01:58:24.238235
161197529,/properties/161197529#/?channel=RES_LET,650,"Replingham Road Room 6, London, Greater London, SW18",Flat Share,1,,"","","",,Added on 28/04/2025,/estate-agents/agent/Greenwoods-Residential/Kingston-Upon-Thames-102857.html,2025-06-23T01:58:24.238235
161197529,/properties/161197529#/?channel=RES_LET,650,"Replingham Road Room 6, London, Greater London, SW18",Flat Share,1,,"","","",,Added on 28/04/2025,/estate-agents/agent/Greenwoods-Residential/Kingston-Upon-Thames-102857.html,2025-06-23T01:58:24.238235
161167964,/properties/161167964#/?channel=RES_LET,725,"Smithy Street, London, Greater London. E1",Flat Share,1,,"","","",,Added on 26/04/2025,/estate-agents/agent/Hawk-and-Eagle-Property-Consultants/London-254153.html,2025-06-23T01:58:24.238235
161167964,/properties/161167964#/?channel=RES_LET,725,"Smithy Street, London, Greater London. E1",Flat Share,1,,"","","",,Added on 26/04/2025,/estate-agents/agent/Hawk-and-Eagle-Property-Consultants/London-254153.html,2025-06-23T01:58:24.238235
163629314,/properties/163629314#/?channel=RES_LET,797,"Don Phelan Close, Camberwell, SE5",Flat Share,,,"","","",,Added on 23/04/2025,/estate-agents/agent/Moving-Inn/London-91850.html,2025-06-23T01:58:24.238235
163629314,/properties/163629314#/?channel=RES_LET,797,"Don Phelan Close, Camberwell, SE5",Flat Share,,,"","","",,Added on 23/04/2025,/estate-agents/agent/Moving-Inn/London-91850.html,2025-06-23T01:58:24.238235
160992509,/properties/160992509#/?channel=RES_LET,595,"London Road, Purfleet, RM19",Flat Share,1,,"","","",,Added on 23/04/2025,/estate-agents/agent/OpenRent/London-96668.html,2025-06-23T01:58:24.238235
160992509,/properties/160992509#/?channel=RES_LET,595,"London Road, Purfleet, RM19",Flat Share,1,,"","","",,Added on 23/04/2025,/estate-agents/agent/OpenRent/London-96668.html,2025-06-23T01:58:24.238235
160965194,/properties/160965194#/?channel=RES_LET,795,"Newlands Quay, London, E1W",Not Specified,1,,"","","",,Added on 22/04/2025,/estate-agents/agent/Choices/Central-London-117484.html,2025-06-23T01:58:24.238235
160965194,/properties/160965194#/?channel=RES_LET,795,"Newlands Quay, London, E1W",Not Specified,1,,"","","",,Added on 22/04/2025,/estate-agents/agent/Choices/Central-London-117484.html,2025-06-23T01:58:24.238235
160956500,/properties/160956500#/?channel=RES_LET,795,"Newlands Quay, London, E1W",Not Specified,,,"","","",,Reduced on 22/04/2025,/estate-agents/agent/Choices-Asset-Management/Redhill-182333.html,2025-06-23T01:58:24.238235
160956500,/properties/160956500#/?channel=RES_LET,795,"Newlands Quay, London, E1W",Not Specified,,,"","","",,Reduced on 22/04/2025,/estate-agents/agent/Choices-Asset-Management/Redhill-182333.html,2025-06-23T01:58:24.238235
162349373,/properties/162349373#/?channel=RES_LET,750,"Tolworth Broadway, Surbiton, KT6",Flat Share,1,,"","","",,Reduced on 17/04/2025,/estate-agents/agent/OpenRent/London-96668.html,2025-06-23T01:58:24.238235
162349373,/properties/162349373#/?channel=RES_LET,750,"Tolworth Broadway, Surbiton, KT6",Flat Share,1,,"","","",,Reduced on 17/04/2025,/estate-agents/agent/OpenRent/London-96668.html,2025-06-23T01:58:24.238235
163348085,/properties/163348085#/?channel=RES_LET,700,"London, London, SE6",Flat Share,1,,"","","",,Added on 17/04/2025,/estate-agents/agent/OpenRent/London-96668.html,2025-06-23T01:58:24.238235
163348085,/properties/163348085#/?channel=RES_LET,700,"London, London, SE6",Flat Share,1,,"","","",,Added on 17/04/2025,/estate-agents/agent/OpenRent/London-96668.html,2025-06-23T01:58:24.238235
160733324,/properties/160733324#/?channel=RES_LET,680,"Ingatestone Road, London, SE25",Flat Share,1,,"","","",,Added on 15/04/2025,/estate-agents/agent/OpenRent/London-96668.html,2025-06-23T01:58:24.238235
160733324,/properties/160733324#/?channel=RES_LET,680,"Ingatestone Road, London, SE25",Flat Share,1,,"","","",,Added on 15/04/2025,/estate-agents/agent/OpenRent/London-96668.html,2025-06-23T01:58:24.238235
128880518,/properties/128880518#/?channel=RES_LET,790,"Selhurst Road, London, SE25",Studio,,,"","","",,Added on 08/04/2025,/estate-agents/agent/Kenyons-Estate-Agents/Carshalton-8348.html,2025-06-23T01:58:24.238235
128880518,/properties/128880518#/?channel=RES_LET,790,"Selhurst Road, London, SE25",Studio,,,"","","",,Added on 08/04/2025,/estate-agents/agent/Kenyons-Estate-Agents/Carshalton-8348.html,2025-06-23T01:58:24.238235
158044949,/properties/158044949#/?channel=RES_LET,800,"Crayford Road, Islington, London, N7",Apartment,,,"","","",,Reduced on 04/04/2025,/estate-agents/agent/Drivers-and-Norris/Islington--Lettings-54616.html,2025-06-23T01:58:24.238235
158044949,/properties/158044949#/?channel=RES_LET,800,"Crayford Road, Islington, London, N7",Apartment,,,"","","",,Reduced on 04/04/2025,/estate-agents/agent/Drivers-and-Norris/Islington--Lettings-54616.html,2025-06-23T01:58:24.238235
158349908,/properties/158349908#/?channel=RES_LET,775,"Clare Road, Hounslow, TW4",Studio,,,"","","",,Reduced on 31/03/2025,/estate-agents/agent/Henleys-Estates-Ltd/Isleworth-69391.html,2025-06-23T01:58:24.238235
158349908,/properties/158349908#/?channel=RES_LET,775,"Clare Road, Hounslow, TW4",Studio,,,"","","",,Reduced on 31/03/2025,/estate-agents/agent/Henleys-Estates-Ltd/Isleworth-69391.html,2025-06-23T01:58:24.238235
147682550,/properties/147682550#/?channel=RES_LET,771,"Vallance Road, London, E1",Flat Share,1,,"","","",,Added on 26/03/2025,/estate-agents/agent/Quest-London/London-273062.html,2025-06-23T01:58:24.238235
147682550,/properties/147682550#/?channel=RES_LET,771,"Vallance Road, London, E1",Flat Share,1,,"","","",,Added on 26/03/2025,/estate-agents/agent/Quest-London/London-273062.html,2025-06-23T01:58:24.238235
148191578,/properties/148191578#/?channel=RES_LET,771,"East India Dock Road, London, E14",Flat Share,1,,"","","",,Added on 26/03/2025,/estate-agents/agent/Quest-London/London-273062.html,2025-06-23T01:58:24.238235
148191578,/properties/148191578#/?channel=RES_LET,771,"East India Dock Road, London, E14",Flat Share,1,,"","","",,Added on 26/03/2025,/estate-agents/agent/Quest-London/London-273062.html,2025-06-23T01:58:24.238235
159736115,/properties/159736115#/?channel=RES_LET,800,"Smithy Street, London, Greater London. E1",Flat Share,1,,"","","",,Added on 22/03/2025,/estate-agents/agent/Hawk-and-Eagle-Property-Consultants/London-254153.html,2025-06-23T01:58:24.238235
159736115,/properties/159736115#/?channel=RES_LET,800,"Smithy Street, London, Greater London. E1",Flat Share,1,,"","","",,Added on 22/03/2025,/estate-agents/agent/Hawk-and-Eagle-Property-Consultants/London-254153.html,2025-06-23T01:58:24.238235
161430488,/properties/161430488#/?channel=RES_LET,797,"Cable Street, London, E1 8GX",Flat Share,1,,"","","",,Reduced on 13/03/2025,/estate-agents/agent/Prime-Land-Property/London-39507.html,2025-06-23T01:58:24.238235
161430488,/properties/161430488#/?channel=RES_LET,797,"Cable Street, London, E1 8GX",Flat Share,1,,"","","",,Reduced on 13/03/2025,/estate-agents/agent/Prime-Land-Property/London-39507.html,2025-06-23T01:58:24.238235
137648927,/properties/137648927#/?channel=RES_LET,700,"Hundred Acre, London, NW9",Flat,1,,"","","",,Added on 05/03/2025,/estate-agents/agent/Ad-Hoc-Property-Management-Ltd/London-103628.html,2025-06-23T01:58:24.238235
137648927,/properties/137648927#/?channel=RES_LET,700,"Hundred Acre, London, NW9",Flat,1,,"","","",,Added on 05/03/2025,/estate-agents/agent/Ad-Hoc-Property-Management-Ltd/London-103628.html,2025-06-23T01:58:24.238235
158550749,/properties/158550749#/?channel=RES_LET,523,"The Street, Ashtead, KT21 2BN",Studio,,,"","","",,Added on 21/02/2025,/estate-agents/agent/Clarion-Housing-Lettings/UK-58989.html,2025-06-23T01:58:24.238235
158550749,/properties/158550749#/?channel=RES_LET,523,"The Street, Ashtead, KT21 2BN",Studio,,,"","","",,Added on 21/02/2025,/estate-agents/agent/Clarion-Housing-Lettings/UK-58989.html,2025-06-23T01:58:24.238235
156637760,/properties/156637760#/?channel=RES_LET,700,"Mill Bridge, Dollis Valley Way, Barnet, North London, EN5",Flat,2,,"","","",,Reduced on 18/02/2025,/estate-agents/agent/Ad-Hoc-Property-Management-Ltd/London-103628.html,2025-06-23T01:58:24.238235
156637760,/properties/156637760#/?channel=RES_LET,700,"Mill Bridge, Dollis Valley Way, Barnet, North London, EN5",Flat,2,,"","","",,Reduced on 18/02/2025,/estate-agents/agent/Ad-Hoc-Property-Management-Ltd/London-103628.html,2025-06-23T01:58:24.238235
86551593,/properties/86551593#/?channel=RES_LET,725,"Northfield Road, London, N16",Studio,,,"","","",,Reduced on 11/12/2024,/estate-agents/agent/Freshview-Estates-Ltd/London-167555.html,2025-06-23T01:58:24.238235
86551593,/properties/86551593#/?channel=RES_LET,725,"Northfield Road, London, N16",Studio,,,"","","",,Reduced on 11/12/2024,/estate-agents/agent/Freshview-Estates-Ltd/London-167555.html,2025-06-23T01:58:24.238235
151613087,/properties/151613087#/?channel=RES_LET,800,"Vicarage Road, WATFORD",Studio,,,"","","",,Added on 22/11/2024,/estate-agents/agent/Brown-and-Merry---Lettings/Watford-Lettings-64602.html,2025-06-23T01:58:24.238235
151613087,/properties/151613087#/?channel=RES_LET,800,"Vicarage Road, WATFORD",Studio,,,"","","",,Added on 22/11/2024,/estate-agents/agent/Brown-and-Merry---Lettings/Watford-Lettings-64602.html,2025-06-23T01:58:24.238235
130808336,/properties/130808336#/?channel=RES_LET,800,"Five Acre, London, NW9",Flat,2,,"","","",,Reduced on 25/10/2024,/estate-agents/agent/Ad-Hoc-Property-Management-Ltd/London-103628.html,2025-06-23T01:58:24.238235
130808336,/properties/130808336#/?channel=RES_LET,800,"Five Acre, London, NW9",Flat,2,,"","","",,Reduced on 25/10/2024,/estate-agents/agent/Ad-Hoc-Property-Management-Ltd/London-103628.html,2025-06-23T01:58:24.238235
